{"object": {"dependencies": [{"basedOn": null, "packageRef": {"identity": "starscream", "isLocal": false, "name": "Starscream", "path": "https://github.com/daltoniam/Starscream"}, "state": {"checkoutState": {"branch": null, "revision": "ebdc260ea64e68f7569c62e8744b5cd15d3a49d6", "version": "3.0.6"}, "name": "checkout"}, "subpath": "Starscream--7419289226544646040"}, {"basedOn": null, "packageRef": {"identity": "socket.io-client-swift", "isLocal": false, "name": "SocketIO", "path": "https://github.com/socketio/socket.io-client-swift"}, "state": {"checkoutState": {"branch": null, "revision": "96ce620f69e567d520804e54655005e0b2be7c16", "version": "13.0.1"}, "name": "checkout"}, "subpath": "socket.io-client-swift--5166592391101475443"}]}, "version": 2}